{
    "total": 13,
    "categories-length": 3,
    "categories-size": 4.333333333333333,
    "avg-categories-size": {
        "0": 4,
        "1": 4,
        "2": 5
    },
    "mean": [
        [
            0.4549502432346344,
            0.3664705157279968,
            0.291632741689682
        ]
    ],
    "devstd": [
        [
            0.25889095664024353,
            0.249895378947258,
            0.24367102980613708
        ]
    ]
}