{
    "default_root": "./scripts/stats/images/artist_dataset",
    "stats_file": "./scripts/stats/stats.json",
    "norm_stats_file": "./temp/norm_stats.json",
    "results_root": "./out",
    "plots_dir": "plots",
    "files_dir": "files",
    "device": "cpu",
    "num_workers": 0,
    "resize_dim": 512,
    "crop_dim": 512,
    "aug_probs": [
        0.2,
        0.2,
        0.2,
        0.5
    ],
    "train_split_size": 0.66,
    "reduce_factor": null,
    "batch_size": 2,
    "num_epochs": 5,
    "log_frequency": 1,
    "num_classes": 3,
    "lr": 0.001,
    "momentum": 0.9,
    "weight_decay": 0.0001,
    "scheduler_step_size": 7,
    "scheduler_gamma": 0.1,
    "criterion": "cross_entropy",
    "optimizer": "sgd",
    "scheduler": "step_lr",
    "top_k": 3,
    "train_losses": [
        1.0684710144996643,
        1.0772898197174072,
        1.0995373725891113,
        1.150905728340149,
        1.2730217576026917
    ],
    "train_accuracies": [
        0.5,
        0.75,
        0.25,
        0.25,
        0.25
    ],
    "val_losses": [
        1.0458526015281677,
        1.0660809576511383,
        1.1037506461143494,
        1.1715984344482422,
        1.3111092746257782
    ],
    "val_accuracies": [
        0.3333333432674408,
        0.6666666865348816,
        0.3333333432674408,
        0.3333333432674408,
        0.3333333432674408
    ],
    "best_num_epochs": 2,
    "loss": 1.102555553118388,
    "metrics": {
        "top-1_accuracy": 0.1666666716337204,
        "top-3_accuracy": 1.0,
        "mca": 0.1666666716337204
    }
}