{
    "default_root": "./data/artist_dataset",
    "stats_file": "./scripts/stats/stats.json",
    "norm_stats_file": "./temp/norm_stats.json",
    "results_root": ".",
    "plots_dir": ".",
    "files_dir": ".",
    "device": "cuda",
    "num_workers": 2,
    "pretrained": false,
    "resize_dim": 512,
    "crop_dim": 512,
    "aug_probs": [
        0.2,
        0.2,
        0.2,
        0.5
    ],
    "train_split_size": 0.75,
    "reduce_factor": 0.5,
    "batch_size": 24,
    "num_epochs": 5,
    "log_frequency": 100,
    "num_classes": 161,
    "lr": 0.001,
    "momentum": 0.9,
    "weight_decay": 0,
    "scheduler_step_size": 7,
    "scheduler_gamma": 0.1,
    "criterion": "cross_entropy",
    "optimizer": "sgd",
    "scheduler": "step_lr",
    "top_k": 5,
    "augment": false,
    "train_accuracy": false,
    "backbone_type": "shufflenet_v2_x0_5",
    "use_handcrafted": true,
    "train_losses": [
        4.806022712419618,
        4.670820291987005,
        4.539840393246345,
        4.411823110760383,
        4.278480969734912
    ],
    "train_accuracies": [],
    "val_losses": [
        4.72845897781715,
        4.602104846011387,
        4.482133726055703,
        4.359074163972662,
        4.222486932625931
    ],
    "val_accuracies": [
        0.0574929304420948,
        0.08435438573360443,
        0.09236568957567215,
        0.11262959241867065,
        0.12865221500396729
    ],
    "best_num_epochs": 5,
    "loss": 4.196540176198724,
    "metrics": {
        "top-1_accuracy": 0.12959472835063934,
        "top-5_accuracy": 0.29736098647117615,
        "mca": 0.03233680501580238
    }
}