{
    "default_root": "./scripts/stats/images/artist_dataset",
    "stats_file": "./scripts/stats/stats.json",
    "results_root": "./out",
    "plots_dir": "plots",
    "files_dir": "files",
    "device": "cpu",
    "num_workers": 0,
    "resize_dim": 512,
    "crop_dim": 512,
    "aug_probs": [
        0.2,
        0.2,
        0.2,
        0.5
    ],
    "train_split_size": 0.66,
    "reduce_factor": null,
    "batch_size": 2,
    "num_epochs": 5,
    "log_frequency": 1,
    "num_classes": 3,
    "lr": 0.001,
    "momentum": 0.9,
    "weight_decay": 0.0001,
    "scheduler_step_size": 7,
    "scheduler_gamma": 0.1,
    "criterion": "cross_entropy",
    "optimizer": "sgd",
    "scheduler": "step_lr",
    "top_k": 3,
    "train_losses": [
        1.0323474407196045,
        1.0310240387916565,
        1.0345295667648315,
        1.123856544494629,
        1.0030605792999268
    ],
    "train_accuracies": [
        0.5,
        0.5,
        0.5,
        0.25,
        0.25
    ],
    "val_losses": [
        1.0630562603473663,
        1.0684270560741425,
        1.0838405787944794,
        1.1904542446136475,
        1.1021875143051147
    ],
    "val_accuracies": [
        0.3333333432674408,
        0.3333333432674408,
        0.6666666865348816,
        0.3333333432674408,
        0.3333333432674408
    ],
    "best_num_epochs": 3,
    "loss": 1.1297674576441448,
    "metrics": {
        "top-1_accuracy": 0.3333333432674408,
        "top-3_accuracy": 1.0,
        "mca": 0.3333333432674408
    }
}