{
    "default_root": "./data/artist_dataset",
    "stats_file": "./scripts/stats/stats.json",
    "norm_stats_file": "./temp/norm_stats.json",
    "results_root": ".",
    "plots_dir": ".",
    "files_dir": ".",
    "device": "cuda",
    "num_workers": 2,
    "pretrained": false,
    "resize_dim": 512,
    "crop_dim": 512,
    "aug_probs": [
        0.2,
        0.2,
        0.2,
        0.5
    ],
    "train_split_size": 0.75,
    "reduce_factor": 0.5,
    "batch_size": 24,
    "num_epochs": 5,
    "log_frequency": 100,
    "num_classes": 161,
    "lr": 0.001,
    "momentum": 0.9,
    "weight_decay": 0,
    "scheduler_step_size": 7,
    "scheduler_gamma": 0.1,
    "criterion": "cross_entropy",
    "optimizer": "sgd",
    "scheduler": "step_lr",
    "top_k": 5,
    "augment": false,
    "train_accuracy": false,
    "backbone_type": "mobilenet_v3_small",
    "use_handcrafted": true,
    "train_losses": [
        4.817583379205668,
        4.683580920381366,
        4.562292751276268,
        4.4230907944013484,
        4.270468080268716
    ],
    "train_accuracies": [],
    "val_losses": [
        4.75925844171074,
        4.628926847757918,
        4.478309435790845,
        4.323389238186097,
        4.281436810332738
    ],
    "val_accuracies": [
        0.045711591839790344,
        0.059849198907613754,
        0.09566446393728256,
        0.1102733239531517,
        0.11781338602304459
    ],
    "best_num_epochs": 5,
    "loss": 4.241974353790283,
    "metrics": {
        "top-1_accuracy": 0.12064090371131897,
        "top-5_accuracy": 0.28652215003967285,
        "mca": 0.03432178124785423
    }
}