{
    "default_root": "./scripts/stats/images/artist_dataset",
    "stats_file": "./scripts/stats/stats.json",
    "results_root": "./out",
    "plots_dir": "plots",
    "files_dir": "files",
    "device": "cpu",
    "num_workers": 0,
    "resize_dim": 512,
    "crop_dim": 512,
    "aug_probs": [
        0.2,
        0.2,
        0.2,
        0.5
    ],
    "train_split_size": 0.66,
    "reduce_factor": null,
    "batch_size": 2,
    "num_epochs": 5,
    "log_frequency": 1,
    "num_classes": 3,
    "lr": 0.001,
    "momentum": 0.9,
    "weight_decay": 0.0001,
    "scheduler_step_size": 7,
    "scheduler_gamma": 0.1,
    "criterion": "cross_entropy",
    "optimizer": "sgd",
    "scheduler": "step_lr",
    "top_k": 3,
    "train_losses": [
        1.0726421475410461,
        1.1045109629631042,
        1.2045613527297974,
        1.2828653454780579,
        1.0844230651855469
    ],
    "train_accuracies": [
        0.5,
        0.25,
        0.25,
        0.5,
        0.25
    ],
    "val_losses": [
        1.1066175699234009,
        1.1471586227416992,
        1.2590625286102295,
        1.3579415678977966,
        1.1864335536956787
    ],
    "val_accuracies": [
        0.0,
        0.3333333432674408,
        0.3333333432674408,
        0.3333333432674408,
        0.3333333432674408
    ],
    "best_num_epochs": 2,
    "loss": 1.1028828620910645,
    "metrics": {
        "top-1_accuracy": 0.3333333432674408,
        "top-3_accuracy": 1.0,
        "mca": 0.3333333432674408
    }
}