{
    "default_root": "./scripts/stats/images/artist_dataset",
    "stats_file": "./scripts/stats/stats.json",
    "results_root": "./out",
    "plots_dir": "plots",
    "files_dir": "files",
    "device": "cpu",
    "num_workers": 0,
    "resize_dim": 512,
    "crop_dim": 512,
    "aug_probs": [
        0.2,
        0.2,
        0.2,
        0.5
    ],
    "train_split_size": 0.66,
    "reduce_factor": null,
    "batch_size": 2,
    "num_epochs": 5,
    "log_frequency": 1,
    "num_classes": 3,
    "lr": 0.001,
    "momentum": 0.9,
    "weight_decay": 0.0001,
    "scheduler_step_size": 7,
    "scheduler_gamma": 0.1,
    "criterion": "cross_entropy",
    "optimizer": "sgd",
    "scheduler": "step_lr",
    "top_k": 3,
    "train_losses": [
        1.1048575639724731,
        1.1600672602653503,
        1.1078840494155884,
        1.2967401146888733,
        1.5684537887573242
    ],
    "train_accuracies": [
        0.25,
        0.25,
        0.25,
        0.25,
        0.25
    ],
    "val_losses": [
        1.1082431077957153,
        1.1728128790855408,
        1.1353690028190613,
        1.3344624638557434,
        1.6142599880695343
    ],
    "val_accuracies": [
        0.3333333432674408,
        0.3333333432674408,
        0.3333333432674408,
        0.3333333432674408,
        0.3333333432674408
    ],
    "best_num_epochs": 1,
    "loss": 1.1307540734608967,
    "metrics": {
        "top-1_accuracy": 0.1666666716337204,
        "top-3_accuracy": 1.0,
        "mca": 0.1666666716337204
    }
}