{
    "default_root": "./scripts/stats/images/artist_dataset",
    "stats_file": "./scripts/stats/stats.json",
    "norm_stats_file": "./temp/norm_stats.json",
    "results_root": "./out",
    "plots_dir": "plots",
    "files_dir": "files",
    "device": "cpu",
    "num_workers": 0,
    "resize_dim": 512,
    "crop_dim": 512,
    "aug_probs": [
        0.2,
        0.2,
        0.2,
        0.5
    ],
    "train_split_size": 0.66,
    "reduce_factor": null,
    "batch_size": 2,
    "num_epochs": 5,
    "log_frequency": 1,
    "num_classes": 3,
    "lr": 0.001,
    "momentum": 0.9,
    "weight_decay": 0.0001,
    "scheduler_step_size": 7,
    "scheduler_gamma": 0.1,
    "criterion": "cross_entropy",
    "optimizer": "sgd",
    "scheduler": "step_lr",
    "top_k": 3,
    "augment": true,
    "train_losses": [
        1.1784330010414124,
        1.0919734835624695,
        0.9874370694160461,
        1.1133030503988266,
        1.1542015075683594
    ],
    "train_accuracies": [],
    "val_losses": [
        1.0850120782852173,
        1.088296890258789,
        1.0502899289131165,
        1.0395352840423584,
        1.0256937444210052
    ],
    "val_accuracies": [
        0.3333333432674408,
        0.3333333432674408,
        0.3333333432674408,
        0.3333333432674408,
        0.3333333432674408
    ],
    "best_num_epochs": 1,
    "loss": 1.1153863271077473,
    "metrics": {
        "top-1_accuracy": 0.5,
        "top-3_accuracy": 1.0,
        "mca": 0.5
    }
}