{
    "default_root": "./scripts/stats/images/artist_dataset",
    "stats_file": "./scripts/stats/stats.json",
    "results_root": "./out",
    "plots_dir": "plots",
    "files_dir": "files",
    "device": "cpu",
    "num_workers": 0,
    "resize_dim": 512,
    "crop_dim": 512,
    "aug_probs": [
        0.3,
        0.5,
        0.3,
        1.0
    ],
    "train_split_size": 0.66,
    "reduce_factor": null,
    "batch_size": 2,
    "num_epochs": 3,
    "log_frequency": 1,
    "num_classes": 3,
    "lr": 0.001,
    "momentum": 0.9,
    "weight_decay": 0.0001,
    "scheduler_step_size": 7,
    "scheduler_gamma": 0.1,
    "criterion": "cross_entropy",
    "optimizer": "sgd",
    "scheduler": "step_lr",
    "top_k": 3,
    "train_losses": [
        1.0612718760967255,
        1.0726624727249146,
        1.1335785388946533
    ],
    "train_accuracies": [
        0.5,
        0.5,
        0.5
    ],
    "val_losses": [
        1.0605275630950928,
        1.0830539464950562,
        1.1501726508140564
    ],
    "val_accuracies": [
        0.3333333432674408,
        0.3333333432674408,
        0.3333333432674408
    ],
    "best_num_epochs": 1,
    "loss": 1.1206077337265015,
    "metrics": {
        "top-1_accuracy": 0.1666666716337204,
        "top-3_accuracy": 1.0,
        "mca": 0.1666666716337204
    }
}