{
    "default_root": "./scripts/stats/images/artist_dataset",
    "stats_file": "./scripts/stats/stats.json",
    "norm_stats_file": "./temp/norm_stats.json",
    "results_root": "./out",
    "plots_dir": "plots",
    "files_dir": "files",
    "device": "cpu",
    "num_workers": 0,
    "resize_dim": 512,
    "crop_dim": 512,
    "aug_probs": [
        0.2,
        0.2,
        0.2,
        0.5
    ],
    "train_split_size": 0.66,
    "reduce_factor": null,
    "batch_size": 2,
    "num_epochs": 5,
    "log_frequency": 1,
    "num_classes": 3,
    "lr": 0.001,
    "momentum": 0.9,
    "weight_decay": 0.0001,
    "scheduler_step_size": 7,
    "scheduler_gamma": 0.1,
    "criterion": "cross_entropy",
    "optimizer": "sgd",
    "scheduler": "step_lr",
    "top_k": 3,
    "augment": true,
    "train_accuracy": false,
    "train_losses": [
        1.1496253609657288,
        0.9939761757850647,
        0.8839918076992035,
        0.8404826521873474,
        0.7576516568660736
    ],
    "train_accuracies": [],
    "val_losses": [
        1.0499394536018372,
        1.0803017020225525,
        1.0427741706371307,
        1.026573657989502,
        1.0498889088630676
    ],
    "val_accuracies": [
        0.3333333432674408,
        0.3333333432674408,
        0.3333333432674408,
        0.3333333432674408,
        0.6666666865348816
    ],
    "best_num_epochs": 5,
    "loss": 1.1267646551132202,
    "metrics": {
        "top-1_accuracy": 0.5,
        "top-3_accuracy": 1.0,
        "mca": 0.5
    }
}