{
    "mean": [
        0.47527796030044556,
        0.42012834548950195,
        0.3588443994522095
    ],
    "std": [
        0.2794029116630554,
        0.27445685863494873,
        0.264132022857666
    ]
}