{
    "data_length": 13,
    "categories_length": 3,
    "avg_categories_size": 4.333333333333333,
    "categories_size": {
        "adriaen_van_ostade": 4,
        "agnolo_bronzino": 4,
        "albrecht_altdorfer": 5
    },
    "mean": [
        [
            0.4549502432346344,
            0.3664705157279968,
            0.291632741689682
        ]
    ],
    "devstd": [
        [
            0.25889095664024353,
            0.249895378947258,
            0.24367102980613708
        ]
    ]
}